,,,,12 Team,,,14 Team,10 Team,,AAV,Health Report,,
Rank,Name,Team,Pos,Fantrax,MFL,NFFC,MFL,MFL,NFFC,MFL,Status,Injury,fp_PPR
1,Christian McCaffrey,CAR,RB,1.06,-,1.04,-,-,1.25,$35.58 ,IR,Ankle,127.5
2,Dalvin Cook,MIN,RB,2.25,-,2.17,-,-,2.26,$27.97 ,,,206.3
3,Alvin Kamara,NO,RB,3.47,-,3.35,3.2,-,3.24,$31.45 ,,,234.7
4,Derrick Henry,TEN,RB,4,-,4.6,-,-,4.56,$24.68 ,,,193.3
5,Ezekiel Elliott,DAL,RB,5.88,-,6.33,-,-,6.39,$26.83 ,Ques,Knee - PCL,252.06
6,Jonathan Taylor,IND,RB,8.7,-,7.98,-,-,8.95,$18.70 ,,,373.1
7,Travis Kelce,KC,TE,9.53,-,8.6,-,-262.8,7.32,$24.14 ,,,262.8
8,Davante Adams,GB,WR,8.14,-,8.9,-,-,8.09,$25.01 ,,,344.3
9,Tyreek Hill,KC,WR,11.67,-,9.85,-,-,9.17,$21.45 ,,,296.5
10,Austin Ekeler,LAC,RB,11.07,-,10.22,-,2.6,11.03,$21.13 ,,,343.8
11,Saquon Barkley,NYG,RB,10.38,-,11.59,-,25.4,12.52,$30.96 ,,,148.6
12,Aaron Jones,GB,RB,10.25,-,11.75,-,4.8,11.96,$24.31 ,,,229
13,Nick Chubb,CLE,RB,10.13,-,13.07,-,10.4,13.2,$23.53 ,,,215.3
14,Stefon Diggs,BUF,WR,14.14,-,13.52,-,-,13.2,$16.72 ,,,285.5
15,Antonio Gibson,WAS,RB,17.27,-,15.43,19.6,-,15.46,$12.74 ,,,229.1
16,Najee Harris,PIT,RB,16.36,-,16.31,-,-,15.35,$23.24 ,,,300.7
17,DeAndre Hopkins,ARI,WR,17.49,-,17.49,13.4,15.6,17.64,$25.60 ,IR,Knee - MCL,147.42
18,Calvin Ridley,ATL,WR,19.09,-,17.89,-,-,17.24,$15.32 ,NFI-R,Personal,0
19,Joe Mixon,CIN,RB,20,-,19.94,25,-,21.42,$21.37 ,,,287.9
20,DK Metcalf,SEA,WR,20.17,-,20.12,18.6,-,19.32,$15.63 ,,,244.3
21,Clyde Edwards-Helaire,KC,RB,22.78,-,22.33,-,-,25.36,$19.58 ,,,117.6
22,Darren Waller,LV,TE,23.54,-,22.77,23.4,17.4,21.39,$10.87 ,,,133.5
23,Justin Jefferson,MIN,WR,24.77,-,23,24.4,-,22.17,$11.82 ,,,330.4
24,A.J. Brown,TEN,WR,26.06,-,24.76,-,-,24.87,$19.08 ,,,180.9
25,Patrick Mahomes,KC,QB,20.35,-,26.89,-,11.6,26.42,$20.40 ,,,361.66
26,Keenan Allen,LAC,WR,28.19,-,28.29,-,-,27.25,$20.05 ,,,257.8
27,Terry McLaurin,WAS,WR,32.15,-,29.54,-,-,28.15,$12.73 ,,,213.5
28,George Kittle,SF,TE,27.17,-,30.43,-,-,30.99,$10.44 ,,,198
29,D'Andre Swift,DET,RB,32.91,-,31.29,45.8,-,34.62,$7.21 ,,,208.9
30,Allen Robinson,CHI,WR,31.27,-,31.32,-,45.6,30.7,$12.53 ,,,87
31,CeeDee Lamb,DAL,WR,33.73,-,31.4,-,32.4,29.55,$8.24 ,,,232.8
32,David Montgomery,CHI,RB,29.86,-,33.27,23.8,-,35.7,$9.44 ,,,195
33,Robert Woods,LAR,WR,39.26,-,36.94,38.8,-,35.37,$10.91 ,IR,Knee - ACL,137.2
34,Josh Allen,BUF,QB,33.58,-,37.72,-,24.2,36.37,$16.44 ,,,402.58
35,Chris Carson,SEA,RB,33.55,-,38.21,27.2,-,40.65,$16.20 ,IR,Neck,48.1
36,Mike Evans,TB,WR,38.45,-,38.99,-,-,38.8,$17.03 ,,,262.5
37,Amari Cooper,DAL,WR,42.49,17.6,39.14,27.4,-,35.72,$12.94 ,,,202.5
38,Miles Sanders,PHI,RB,40.38,-,40.22,34.2,-,45.12,$8.58 ,,,117.2
39,Chris Godwin,TB,WR,42.53,-,41.17,32.2,28.2,39.78,$10.90 ,IR,Knee - ACL + MCL,242.4
40,Josh Jacobs,LV,RB,36.53,32.6,44.8,-,-,50.89,$10.00 ,,,226
41,Cooper Kupp,LAR,WR,44.66,-,45.8,44.6,-,43.61,$10.03 ,,,439.5
42,Kyler Murray,ARI,QB,44.03,21.4,46.15,-,-,49.22,$10.25 ,,,300.48
43,Diontae Johnson,PIT,WR,52.17,-,46.39,-,-,42.61,$5.54 ,,,274.4
44,Julio Jones,TEN,WR,45.56,41.4,47.61,50.4,-,46.97,$16.03 ,,,80.4
45,DJ Moore,CAR,WR,50.02,-,47.93,-,-,47.34,$5.83 ,,,237.5
46,Tyler Lockett,SEA,WR,49.95,-,48.76,45,-,49.01,$12.07 ,,,241.4
47,James Robinson,JAX,RB,39.23,-,50.14,-,-,53.67,$14.29 ,IR,Achilles,173.9
48,Adam Thielen,MIN,WR,49.6,-,50.82,34.6,-,49.4,$8.69 ,IR,Ankle,199.8
49,Lamar Jackson,BAL,QB,51.07,-,52.71,-,-,55.44,$9.27 ,Ques,Ankle,239.98
50,Javonte Williams,DEN,RB,58.59,-,53.2,-,-,50.3,$9.70 ,,,204.9
51,Kyle Pitts,ATL,TE,56.91,-,53.78,55.8,-,43.9,$8.91 ,,,
52,Tee Higgins,CIN,WR,61.52,-,54.45,71.4,62,55.24,$4.89 ,,,219.1
53,Dak Prescott,DAL,QB,60.7,7.8,56.45,-,-,56.87,$9.44 ,,,320.56
54,Brandon Aiyuk,SF,WR,60.19,-,57.74,-,-,56.29,$6.25 ,,,170.3
55,Kareem Hunt,CLE,RB,56.22,-,59.37,40.4,-,64.93,$7.97 ,Ques,Ankle,110
56,Myles Gaskin,MIA,RB,48.57,-,60.85,41.8,-,58.52,$14.61 ,,,173.6
57,Mike Davis,ATL,RB,50.95,-,61.19,-,-,60.07,$10.26 ,Ques,Ribs,138.2
58,Ja'Marr Chase,CIN,WR,58.03,-,61.48,54.8,-,58.07,$7.31 ,,,304.6
59,T.J. Hockenson,DET,TE,63.68,-,63.17,60.6,-,58.52,$5.25 ,IR,Thumb,
60,Mark Andrews,BAL,TE,56.93,-,63.31,64.6,34.8,58.88,$4.68 ,,,
61,Chase Claypool,PIT,WR,68.23,-,64.87,70.4,-,63.28,$4.06 ,,,166.6
62,Russell Wilson,SEA,QB,64.73,-,64.99,-,-,67.43,$11.70 ,,,242.82
63,Michael Thomas,NO,WR,78.24,-,66.52,-,-,70.56,$11.25 ,PUP-R,Ankle,0
64,Chase Edmonds,ARI,RB,64.73,-,67.9,54.8,-,69.85,$6.83 ,,,143.3
65,Jerry Jeudy,DEN,WR,73.43,-,69.37,-,-,64.41,$7.22 ,,,85
66,Odell Beckham,LAR,WR,68.12,-,69.52,-,-,71.36,$11.28 ,,,129.1
67,Justin Herbert,LAC,QB,69.11,-,69.74,-,42.4,70.32,$7.29 ,,,380.76
68,Aaron Rodgers,GB,QB,65.21,-,70.49,35,-,71.68,$13.46 ,,,333.3
69,Kenny Golladay,NYG,WR,68.43,-,71.31,-,-,74.85,$6.01 ,,,89.1
70,JuJu Smith-Schuster,PIT,WR,75.85,-,71.41,62,-,75.23,$6.55 ,,,
71,Robby Anderson,CAR,WR,76.82,-,75.22,84.2,-,75.27,$4.94 ,,,
72,Raheem Mostert,SF,RB,69.36,-,75.75,-,-,77.65,$7.13 ,IR,Knee - Meniscus,
73,Darrell Henderson,LAR,RB,68.02,-,76.94,-,-,74.69,$8.68 ,,,
74,Tom Brady,FA,QB,80.86,-,77.45,30,-,79.06,$7.76 ,,,374.74
75,Courtland Sutton,DEN,WR,82.15,-,77.83,80.6,57.4,73.17,$4.31 ,,,
76,Tyler Boyd,CIN,WR,81.97,-,79.35,102.4,-,81.3,$5.21 ,,,
77,Trey Sermon,SF,RB,85.55,-,79.41,-,-,71.9,$6.94 ,,,
78,Damien Harris,NE,RB,74.73,-,82.89,-,-,79.43,$8.95 ,,,
79,DeVonta Smith,PHI,WR,67.47,-,83.03,87.6,70.6,81.64,$5.93 ,,,
80,Melvin Gordon,DEN,RB,83.43,-,83.41,62.2,-,90.67,$6.92 ,,,
81,DJ Chark,JAX,WR,83.42,-,83.97,107.8,-,85.85,$1.77 ,IR,Ankle,
82,Deebo Samuel,SF,WR,82.78,-,85.03,-,-,77.83,$3.53 ,,,
83,Michael Carter,NYJ,RB,85.21,-,87.73,-,-,85.72,$5.25 ,,,
84,Laviska Shenault,JAX,WR,97.05,-,89.15,-,-,91.45,$2.37 ,,,
85,Matthew Stafford,LAR,QB,93.76,-,89.42,50.4,55.2,87.79,$5.54 ,,,329.74
86,Antonio Brown,FA,WR,88,-,89.62,55.6,-,82.57,$4.96 ,Ques,Ankle,
87,Ronald Jones,TB,RB,86.86,-,91.2,86.6,-,101.04,$4.92 ,Ques,Ankle,
88,Logan Thomas,WAS,TE,90,-,92.38,92.4,-,85.51,$4.81 ,IR,Knee - ACL,
89,Brandin Cooks,HOU,WR,94.19,-,94.67,-,-,93.07,$5.62 ,Ques,Knee,
90,Jalen Hurts,PHI,QB,99.23,-,95.2,-,-,96.25,$3.69 ,Ques,Ankle,312.16
91,AJ Dillon,GB,RB,97.46,-,95.34,-,-,97.14,$3.59 ,Ques,Ribs,
92,J.K. Dobbins,BAL,RB,999,-,96.2,-,-,98.8,$5.61 ,IR,Knee - ACL,
93,Ryan Tannehill,TEN,QB,98.68,16.6,97.29,-,-,98.04,$3.47 ,,,268.36
94,Dallas Goedert,PHI,TE,104.16,-,98.04,104.2,-,94.47,$1.76 ,,,
95,Noah Fant,DEN,TE,86.49,-,98.05,-,-,92.43,$3.09 ,,,
96,Leonard Fournette,TB,RB,90.91,-,99.41,-,-,106.09,$6.93 ,,,
97,Will Fuller,MIA,WR,102.62,-,99.66,156.6,-,105.63,$2.82 ,IR,Finger,
98,Jarvis Landry,CLE,WR,92.61,-,102.9,78.4,-,108.46,$5.64 ,,,
99,Michael Pittman,IND,WR,115.67,-,103.14,123.6,-,99.57,$2.24 ,,,
100,Kenyan Drake,LV,RB,105.97,-,103.46,-,-,106.92,$2.94 ,Ques,Ankle,
101,Zack Moss,BUF,RB,105.32,-,103.49,-,-,105.05,$5.26 ,,,
102,Jaylen Waddle,MIA,WR,105.39,-,105.81,126.6,-,104.85,$5.28 ,,,
103,Joe Burrow,CIN,QB,110.95,-,106.58,-,71.2,103.35,$2.66 ,,,
104,James Conner,ARI,RB,100.81,-,107.09,121.2,72,114.06,$4.20 ,,,
105,Curtis Samuel,WAS,WR,110.99,-,107.36,-,-,112.48,$3.92 ,Ques,Hamstring,
106,Mike Williams,LAC,WR,113.65,-,107.61,121.8,29,104.75,$2.90 ,,,
107,Marquise Brown,BAL,WR,121.44,-,108.67,104.2,-,102.88,$1.64 ,,,
108,Corey Davis,NYJ,WR,104.41,-,108.94,76.8,-,108.67,$4.58 ,IR,Groin,
109,Gus Edwards,BAL,RB,106.23,-,109.24,-,-,109.94,$11.40 ,IR,Knee - ACL,
110,Michael Gallup,DAL,WR,106.85,-,109.6,127,-,108.18,$2.49 ,Ques,Knee - ACL,
111,Tyler Higbee,LAR,TE,118.18,-,111.5,101,-,107.22,$4.12 ,IR,Knee - MCL,
112,Robert Tonyan,GB,TE,106.08,-,111.72,79.6,-,109.28,$5.40 ,IR,Knee - ACL,
113,Jamaal Williams,DET,RB,116.41,-,112.27,-,-,112.76,$2.26 ,,,
114,Darnell Mooney,CHI,WR,125.36,-,113.7,-,-,110.67,$4.11 ,,,
115,Tony Pollard,DAL,RB,120.74,-,115.45,-,-,119.3,$2.55 ,,,
116,Mecole Hardman,KC,WR,126.28,-,120.01,-,-,117.61,$3.53 ,,,
117,David Johnson,HOU,RB,118.24,-,121.39,-,-,128.99,$4.06 ,,,
118,Nyheim Hines,IND,RB,122.37,-,122.34,96.4,-,127.11,$2.99 ,,,
119,Trevor Lawrence,JAX,QB,131.4,-,123.17,89.8,-,119.91,$4.78 ,,,
120,Mike Gesicki,MIA,TE,130.47,-,123.52,111.8,-,115.13,$4.54 ,,,
121,Devin Singletary,BUF,RB,114.34,-,124.12,95.8,-,130.8,$3.88 ,,,
122,Marvin Jones,JAX,WR,125.19,-,124.17,135.4,-,123.28,$2.98 ,,,
123,Travis Etienne,JAX,RB,999,-,127.72,-,-,122.5,$6.17 ,IR,Foot,
124,DeVante Parker,MIA,WR,127.5,-,128.34,133.6,-,134.55,$2.00 ,,,
125,Matt Ryan,ATL,QB,135.5,-,131.62,96.6,-,128.82,$6.20 ,,,
126,Russell Gage,ATL,WR,142.09,-,132.95,-,-,137.46,$5.05 ,,,
127,Jonnu Smith,NE,TE,147.13,-,134.15,-,-,126.37,$2.97 ,,,
128,Elijah Moore,NYJ,WR,136.71,-,134.45,-,-,128.5,$5.81 ,COVID,Quadriceps,
129,Alexander Mattison,MIN,RB,144.07,-,135.32,-,-,131.68,$1.86 ,,,
130,Justin Fields,CHI,QB,152.28,-,135.79,-,-,131.03,$4.66 ,,,
131,J.D. McKissic,WAS,RB,139.44,-,137.88,154.4,-,145.38,$5.01 ,IR,Concussion,
132,Henry Ruggs,FA,WR,132.04,-,138.03,124.4,-,133.3,$1.42 ,,,
133,Kirk Cousins,MIN,QB,154.97,-,140.59,90.8,-,136.06,$4.33 ,,,
134,Trey Lance,SF,QB,145.03,-,141.92,-,-,125.24,$4.70 ,,,
135,Latavius Murray,BAL,RB,184.74,-,144.86,118.2,-,150,$1.69 ,,,
136,Baker Mayfield,CLE,QB,144.36,-,146.36,88.8,-,147.28,$3.48 ,IR,Shoulder - Labrum,
137,Rob Gronkowski,TB,TE,138.23,11,147.56,70,-,138.18,$2.74 ,,,
138,Jalen Reagor,PHI,WR,165,-,148.03,-,-,144.37,$2.12 ,,,
139,Phillip Lindsay,MIA,RB,186.24,-,148.57,-,-,161.85,$4.27 ,,,
140,Evan Engram,NYG,TE,139.7,-,148.71,-,-,144.12,$4.32 ,,,
141,Kenneth Gainwell,PHI,RB,180.51,-,148.79,-,-,163.02,$1.98 ,,,
142,Rondale Moore,ARI,WR,163.06,-,150.44,-,-,143.43,$3.24 ,,,
143,Gabriel Davis,BUF,WR,177.17,-,151.19,-,-,143.02,$3.12 ,,,
144,James White,NE,RB,152.89,-,152.23,-,-,161.95,$3.83 ,IR,Hip,
145,Hunter Henry,NE,TE,150.01,-,152.37,-,-,152.36,$3.98 ,,,
146,Cole Beasley,BUF,WR,133.89,34.2,155.46,101.2,-,165.23,$2.12 ,,,
147,Tua Tagovailoa,MIA,QB,154.57,-,156.75,-,-,162.55,$1.60 ,,,
148,Rashaad Penny,SEA,RB,162,-,159.59,-,-,169.16,$4.99 ,,,
149,Giovani Bernard,TB,RB,169.28,-,160.49,-,-,152.04,$4.23 ,,,
150,Chuba Hubbard,CAR,RB,171.87,-,160.52,-,-,167.17,$2.48 ,,,
151,Terrace Marshall,CAR,WR,166.35,-,160.55,-,-,150.46,$2.37 ,IR,Foot,
152,Irv Smith,MIN,TE,999,-,161.01,-,-,151.81,$2.18 ,IR,Knee - Meniscus,
153,Sterling Shepard,NYG,WR,158.56,-,161.52,126.8,-,167.18,$1.88 ,IR,Achilles,
154,Damien Williams,CHI,RB,178.77,-,164.45,-,-,177.92,$1.53 ,,,
155,Jakobi Meyers,NE,WR,166.29,-,164.51,144,-,155.98,$2.22 ,,,
156,Ben Roethlisberger,FA,QB,170.35,-,165,-,-,157.95,$3.61 ,,,
157,T.Y. Hilton,IND,WR,186.01,-,165.07,-,-,169.32,$4.15 ,,,
158,Gerald Everett,SEA,TE,180.62,-,165.34,-,-,156.1,$1.45 ,,,
159,Cole Kmet,CHI,TE,187.55,-,165.57,-,-,166.66,$1.15 ,,,
160,Nelson Agholor,NE,WR,163.27,-,167.32,137.2,-,177.45,$3.74 ,,,
161,Rashod Bateman,BAL,WR,169.24,-,171.19,-,-,181.11,$2.59 ,,,
162,Rhamondre Stevenson,NE,RB,181.33,-,171.62,-,-,172.47,$2.07 ,,,
163,Tevin Coleman,NYJ,RB,160.73,-,176.03,-,-,179.85,$4.00 ,,,
164,Ryan Fitzpatrick,WAS,QB,163.29,-,176.14,-,-,161.43,$5.17 ,IR,Hip,
165,Carson Wentz,IND,QB,225.33,-,176.3,-,-,168.82,$4.30 ,,,
166,Emmanuel Sanders,BUF,WR,172.81,-,176.76,-,-,177.04,$3.43 ,,,
167,Marquez Callaway,NO,WR,148.14,-,177.24,122.2,-,139.15,$4.08 ,,,
168,Zach Ertz,ARI,TE,173.83,-,177.54,-,-,170.12,$2.71 ,,,
169,Adam Trautman,NO,TE,170.77,-,177.69,-,-,173.92,$1.17 ,,,
170,Parris Campbell,IND,WR,192.85,-,178.8,-,-,184.29,$2.13 ,,,
171,Daniel Jones,NYG,QB,177.31,-,180.32,-,-,186.84,$1.61 ,IR,Neck,
172,Derek Carr,LV,QB,176.01,-,181.4,120,-,181.77,$3.93 ,,,
173,Tre'Quan Smith,NO,WR,170.79,-,182.72,-,-,177.49,$1.20 ,,,
174,Darrel Williams,KC,RB,196.41,-,184.95,-,-,187.52,$1.11 ,,,
175,Jameis Winston,NO,QB,186.44,-,186,103.4,-,183.25,$2.69 ,IR,Knee - ACL + MCL,
176,Jamison Crowder,NYJ,WR,160.67,-,186.42,-,-,204.42,$2.12 ,Ques,Calf,
177,Bryan Edwards,LV,WR,176.39,-,188.15,-,-,177.98,$0.77 ,,,
178,Blake Jarwin,DAL,TE,196.53,-,188.48,-,-,187.05,$0.76 ,,,
179,Austin Hooper,CLE,TE,186.46,-,189.58,-,-,192.42,$2.05 ,,,
180,Cam Akers,LAR,RB,999,-,189.6,-,-,163.08,$6.68 ,,,
181,Sam Darnold,CAR,QB,183.23,-,190.7,-,-,190.49,$5.94 ,,,
182,Sony Michel,LAR,RB,159.63,-,192.82,-,-,159.71,$4.46 ,,,
183,Zach Wilson,NYJ,QB,178.62,-,193.07,-,-,197.16,$5.55 ,,,
184,Jared Cook,LAC,TE,174.67,-,193.12,-,-,178.65,$3.40 ,,,
185,A.J. Green,ARI,WR,187.11,-,193.78,-,-,187.63,$1.81 ,,,
186,Christian Kirk,ARI,WR,177.94,-,196.75,142.2,-,205.87,$1.78 ,,,
187,Deshaun Watson,HOU,QB,209.07,-,199.91,-,-,197.85,$2.37 ,,,
188,Anthony Firkser,TEN,TE,181.18,-,200.55,-,-,188.3,$3.65 ,,,
189,Devontae Booker,NYG,RB,188.7,-,200.94,-,-,201.29,$1.24 ,,,
190,Amon-Ra St. Brown,DET,WR,181.58,-,201.99,-,-,192.88,$1.74 ,,,
191,Marquez Valdes-Scantling,GB,WR,203.53,-,203.46,150.2,-,193.79,$1.58 ,Ques,Back,
192,Eric Ebron,PIT,TE,216.87,-,204.37,-,-,207.82,$2.13 ,IR,Knee,
193,Sammy Watkins,BAL,WR,205.56,-,206.44,-,-,201.61,$2.88 ,,,
194,Jared Goff,DET,QB,196.52,-,206.46,-,-,211.55,$5.00 ,,,
195,Tarik Cohen,CHI,RB,176.08,-,206.49,-,-,200.03,$1.84 ,PUP-R,Knee - ACL,
196,John Brown,FA,WR,250.64,-,211.64,-,-,200.9,$1.50 ,,,
197,Ty'Son Williams,BAL,RB,171.44,-,211.94,72,-,179.96,$4.68 ,,,
198,Marlon Mack,IND,RB,186.53,-,212.02,-,-,213.87,$1.59 ,,,
199,Darrynton Evans,TEN,RB,200.14,-,214.78,-,-,208.42,$1.00 ,IR,Knee,
200,Tyrell Williams,FA,WR,193.88,-,215.39,-,-,200.48,$2.26 ,Ques,Concussion,
201,Jerick McKinnon,KC,RB,205.09,-,218.7,-,-,209.33,$1.22 ,,,
202,Allen Lazard,GB,WR,195.94,-,219.19,-,-,212.64,$0.74 ,,,
203,Taysom Hill,NO,QB,191.73,-,221.9,-,-,208.02,$2.56 ,Ques,Foot,
204,Xavier Jones,LAR,RB,999,-,222.67,-,-,194.89,$2.65 ,IR,Achilles,
205,Salvon Ahmed,MIA,RB,199.61,-,223.17,-,-,213.66,$1.80 ,,,
206,Van Jefferson,LAR,WR,248.77,-,223.72,-,-,215.48,$1.02 ,,,
207,Tony Jones,NO,RB,191.33,-,224.46,-,-,194.02,$3.45 ,,,
208,Boston Scott,PHI,RB,201.9,-,225.09,-,-,209.01,$1.48 ,,,
209,Mac Jones,NE,QB,156.78,-,225.28,-,-,208.85,$3.11 ,,,
210,Hayden Hurst,ATL,TE,192.37,-,225.53,-,-,212.85,$1.97 ,,,
211,Malcolm Brown,MIA,RB,195.54,-,225.98,-,-,208.49,$1.02 ,IR,Quadriceps,
212,Randall Cobb,GB,WR,189.08,-,226.05,-,-,200.33,$1.79 ,,,
213,Breshad Perriman,TB,WR,205.01,-,228.75,-,-,208.02,$1.65 ,Ques,Hip,
214,Cam Newton,CAR,QB,204.71,-,230.48,-,-,210.84,$1.47 ,,,
215,Justin Jackson,LAC,RB,204.15,-,230.77,-,-,210.16,$3.14 ,,,
216,Kadarius Toney,NYG,WR,200.42,-,232.95,-,-,210.74,$4.79 ,Ques,Shoulder,
217,Darius Slayton,NYG,WR,207.84,-,233.63,-,-,215.29,$1.66 ,,,
218,Jeff Wilson,SF,RB,198.1,-,233.84,-,-,202.84,$2.34 ,Ques,Ankle,
219,Wayne Gallman,MIN,RB,210.71,-,233.85,-,-,208.61,$1.40 ,,,
220,Jimmy Garoppolo,SF,QB,216.4,-,236.31,-,-,212.97,$0.94 ,Ques,Thumb,
221,O.J. Howard,TB,TE,205.82,-,236.33,-,-,214.02,$1.67 ,,,
222,Teddy Bridgewater,DEN,QB,211.32,-,238.42,-,-,210.94,$3.27 ,IR,Concussion,
223,Denzel Mims,NYJ,WR,205.84,-,239.53,-,-,204.21,$0.86 ,,,
224,Samaje Perine,CIN,RB,219.23,-,240.43,-,-,215.61,$1.31 ,,,
225,Ricky Seals-Jones,WAS,TE,-,-,240.96,-,-,-,-,IR,Concussion,
226,Dion Lewis,FA,RB,-,-,240.96,-,-,-,-,,,
227,Darrell Daniels,ARI,TE,-,-,240.98,-,-,-,-,,,
228,Jeremy Sprinkle,DAL,TE,-,-,241.01,-,-,-,-,,,
229,Craig Reynolds,DET,RB,-,-,241.03,-,-,201.1,-,,,
230,Keith Smith,ATL,FB,-,-,241.06,-,-,-,-,,,
231,Ryan Izzo,TEN,TE,-,-,241.06,-,-,-,-,,,
232,Kristian Wilkerson,NE,WR,-,-,241.07,-,-,-,-,,,
233,Nick Keizer,FA,TE,-,-,241.07,-,-,-,-,,,
234,Charlie Woerner,SF,TE,422.6,-,241.08,-,-,-,-,,,
235,Easton Stick,LAC,QB,-,-,241.08,-,-,-,-,,,
236,Nick Mullens,CLE,QB,-,-,241.08,-,-,-,$0.13 ,,,
237,Jonathan Williams,WAS,RB,284,-,241.08,-,-,-,-,,,
238,Jason Croom,PHI,TE,-,-,241.08,-,-,-,-,IR,Knee,
239,Nathan Peterman,FA,QB,-,-,241.08,-,-,-,-,,,
240,Jake Butt,FA,TE,-,-,241.08,-,-,-,-,,,
241,Andy Janovich,CLE,FB,-,-,241.09,-,-,-,-,,,
242,Blake Proehl,MIN,WR,-,-,241.09,-,-,-,-,IR,Leg,
243,Trevon Wesco,NYJ,TE,-,-,241.1,-,-,-,-,IR,Knee - MCL,
244,Marqise Lee,FA,WR,-,-,241.1,-,-,-,-,,,
245,Elijhaa Penny,NYG,FB,-,-,241.1,-,-,-,-,,,
246,Alex Erickson,CAR,WR,-,-,241.11,-,-,-,-,,,
247,Chris Streveler,FA,QB,-,-,241.11,-,-,-,-,,,
248,Dalton Keene,NE,TE,-,-,241.11,-,-,-,-,IR,Knee - Meniscus,
249,Javon Wims,LV,WR,-,-,241.11,-,-,-,-,,,
250,Antoine Wesley,ARI,WR,-,-,241.12,-,-,-,-,,,
251,Gabe Nabers,LAC,FB,-,-,241.12,-,-,-,-,,,
252,Brandon Zylstra,CAR,WR,-,-,241.12,-,-,-,-,,,
253,Alec Ingold,LV,FB,-,-,241.12,-,-,-,-,IR,Knee - ACL,
254,Johnny Mundt,LAR,TE,-,-,241.12,-,-,-,-,IR,Knee - ACL,
255,DeAndre Carter,WAS,WR,-,-,241.12,-,-,-,-,,,
256,Josh Hill,FA,TE,-,-,241.12,-,-,-,-,,,
257,Kyle Allen,WAS,QB,-,-,241.13,-,-,-,-,,,
258,Vyncint Smith,TB,WR,-,-,241.13,-,-,-,-,,,
259,Joe Reed,LAC,WR,-,-,241.13,-,-,-,-,,,
260,Austin Mack,SF,WR,-,-,241.15,-,-,-,-,,,
261,Tim Boyle,DET,QB,-,-,241.16,-,-,-,-,,,
262,Blake Bell,KC,TE,-,-,241.16,-,-,-,-,,,
263,C.J. Ham,MIN,FB,-,-,241.17,-,-,-,-,,,
264,Nick Westbrook-Ikhine,TEN,WR,-,-,241.17,-,-,-,-,,,
265,Brenden Knox,KC,RB,-,-,241.17,-,-,-,-,,,
266,Dax Milne,WAS,WR,-,-,241.19,-,-,-,-,,,
267,Marvin Hall,FA,WR,-,-,241.19,-,-,-,-,,,
268,Khari Blasingame,TEN,RB,-,-,241.19,-,-,-,-,,,
269,Isaiah Ford,MIA,WR,-,-,241.19,-,-,-,-,,,
270,Rico Dowdle,DAL,RB,-,-,241.2,-,-,-,-,IR,Hip,
271,Penny Hart,SEA,WR,-,-,241.2,-,-,-,-,,,
272,Kendall Hinton,DEN,WR,-,-,241.21,-,-,-,-,,,
273,Mack Hollins,MIA,WR,-,-,241.21,-,-,-,-,,,
274,Jeff Driskel,HOU,TE,-,-,241.21,-,-,-,-,IR,Collarbone,
275,T.J. Yeldon,FA,RB,-,-,241.23,-,-,-,-,,,
276,LeSean McCoy,FA,RB,-,-,241.23,-,-,-,-,,,
277,DaeSean Hamilton,DEN,WR,-,-,241.23,-,-,-,-,NFI-R,Knee - ACL,
278,Christian Blake,ATL,WR,-,-,241.23,-,-,-,-,,,
279,Trey Ragas,LV,RB,-,-,241.23,-,-,-,-,,,
280,Tanner Hudson,SF,TE,-,-,241.23,-,-,-,-,,,
281,Ben DiNucci,DAL,QB,-,-,241.24,-,-,-,-,,,
282,KeeSean Johnson,SF,WR,-,-,241.25,-,-,-,-,,,
283,Laquon Treadwell,JAX,WR,-,-,241.25,-,-,-,-,,,
284,Dontrell Hilliard,TEN,RB,-,-,241.25,-,-,-,-,,,
285,Brian Hoyer,NE,QB,-,-,241.25,-,-,-,-,,,
286,Robert Griffin,FA,QB,-,-,241.27,-,-,-,-,,,
287,Cameron Batson,TEN,WR,-,-,241.27,-,-,-,-,IR,Knee - ACL,
288,Jarrett Stidham,NE,QB,-,-,241.28,-,-,-,-,,,
289,Ja'Marcus Bradley,CLE,WR,-,-,241.28,-,-,201.22,-,,,
290,Ryquell Armstead,JAX,RB,-,-,241.3,-,-,-,-,,,
291,Jamal Agnew,JAX,WR,-,-,241.3,-,-,-,-,IR,Hip,
292,Marcus Kemp,KC,WR,-,-,241.31,-,-,-,-,,,
293,Tavon Austin,JAX,WR,-,-,241.33,-,-,-,-,,,
294,Tony Brooks-James,FA,RB,-,-,241.34,-,-,-,-,,,
295,Chad Hansen,ATL,WR,-,-,241.35,-,-,-,$0.21 ,,,
296,Chris Thompson,FA,RB,-,-,241.35,-,-,-,-,,,
297,Lamar Miller,FA,RB,-,-,241.36,-,-,-,-,,,
298,Brandon Powell,LAR,WR,-,-,241.36,-,-,-,-,,,
299,Sammis Reyes,WAS,TE,-,-,241.36,-,-,-,-,Ques,Hamstring,
300,Jody Fortson,KC,TE,398.1,-,241.36,-,-,-,-,IR,Achilles,
301,Josh Adams,NO,RB,-,-,241.38,-,-,-,-,,,
302,Ray-Ray McCloud,PIT,WR,-,-,241.4,-,-,-,-,,,
303,Reggie Bonnafon,WAS,RB,-,-,241.41,-,-,-,-,,,
304,Ryan Griffin,NYJ,TE,-,-,241.41,-,-,-,-,COVID,Knee,
305,Matt Barkley,FA,QB,-,-,241.41,-,-,-,-,,,
306,KJ Hill,FA,WR,-,-,241.42,-,-,-,-,,,
307,Spencer Brown,CAR,RB,-,-,241.42,-,-,-,-,,,
308,Durham Smythe,MIA,TE,463,-,241.45,-,-,-,-,,,
309,Dexter Williams,CLE,RB,-,-,241.47,-,-,-,-,,,
310,Brycen Hopkins,LAR,TE,-,-,241.49,-,-,-,-,,,
311,Nick Vannett,NO,TE,-,-,241.49,-,-,-,-,,,
312,Kelvin Harmon,WAS,WR,-,-,241.5,-,-,-,$1.51 ,,,
313,Tre' McKitty,LAC,TE,-,-,241.5,-,-,-,$0.94 ,,,
314,Noah Brown,DAL,WR,-,-,241.56,-,-,-,-,,,
315,Riley Ridley,FA,WR,390.8,-,241.57,-,-,-,-,,,
316,Patrick Ricard,BAL,FB,-,-,241.59,-,-,201.24,-,IR,Undisclosed,
317,Kenny Stills,NO,WR,294,-,241.63,-,-,-,-,,,
318,J.J. Arcega-Whiteside,PHI,WR,-,-,241.63,-,-,-,$0.11 ,Ques,Finger,
319,Josh Imatorbhebhe,FA,WR,-,-,241.64,-,-,-,-,,,
320,Marcedes Lewis,GB,TE,-,-,241.64,-,-,-,-,,,
321,Sam Ehlinger,IND,QB,337.32,-,241.66,-,-,-,$1.00 ,,,
322,Nate McCrary,BAL,RB,-,-,241.68,-,-,-,-,,,
323,Dwayne Washington,NO,RB,-,-,241.69,-,-,-,-,,,
324,AJ McCarron,ATL,QB,-,-,241.71,-,-,-,-,IR,Knee - ACL,
325,Marcus Johnson,TEN,WR,-,-,241.71,-,-,-,-,IR,Hamstring,
326,Malik Taylor,GB,WR,-,-,241.71,-,-,-,-,IR,Shoulder,
327,MyCole Pruitt,TEN,TE,-,-,241.72,-,-,-,-,IR,Ankle,
328,Cooper Rush,DAL,QB,-,-,241.75,-,-,-,-,,,
329,Simi Fehoko,DAL,WR,421,-,241.76,-,-,-,$0.38 ,,,
330,Scottie Phillips,HOU,RB,-,-,241.77,-,-,-,-,IR,Ankle,
331,Ameer Abdullah,CAR,RB,274.58,-,241.78,-,-,-,-,,,
332,Kenny Yeboah,NYJ,TE,-,-,241.81,-,-,-,$0.74 ,,,
333,Gary Brightwell,NYG,RB,-,-,241.81,-,-,-,$0.52 ,IR,Neck,
334,Hunter Bryant,DET,TE,-,-,241.82,-,-,-,-,NFI-R,Undisclosed,
335,Jesse James,CHI,TE,-,-,241.82,-,-,-,-,,,
336,Bisi Johnson,MIN,WR,-,-,241.82,-,-,-,-,IR,Knee,
337,KhaDarel Hodge,DET,WR,-,-,241.84,-,-,-,-,,,
338,Daurice Fountain,KC,WR,-,-,241.86,-,-,-,-,,,
339,Tajae Sharpe,ATL,WR,-,-,241.88,-,-,-,-,,,
340,Raymond Calais,LAR,RB,-,-,241.88,-,-,-,-,IR,Foot,
341,Kahale Warring,JAX,TE,-,-,241.88,-,-,-,$0.10 ,,,
342,Chris Manhertz,JAX,TE,-,-,241.89,-,-,-,-,,,
343,Geoff Swaim,TEN,TE,-,-,241.95,-,-,-,-,,,
344,Logan Woodside,TEN,QB,-,-,241.96,-,-,-,-,,,
345,Cade Johnson,SEA,WR,-,-,241.97,-,-,-,-,,,
346,Malcolm Perry,NE,WR,-,-,242.01,-,-,-,-,,,
347,Trenton Cannon,SF,RB,-,-,242.08,-,-,-,-,,,
348,C.J. Beathard,JAX,QB,-,-,242.09,-,-,-,-,,,
349,John Hightower,PHI,WR,-,-,242.11,-,-,-,-,,,
350,Zay Jones,LV,WR,405.57,-,242.13,-,-,-,-,,,
351,Bryce Love,FA,RB,-,-,242.14,-,-,201.24,-,Ques,Knee,
352,Josh Oliver,BAL,TE,-,-,242.18,-,-,-,-,,,
353,Philip Rivers,FA,QB,-,-,242.2,-,-,-,-,,,
354,Trace McSorley,ARI,QB,-,-,242.22,-,-,-,-,,,
355,Devine Ozigbo,NE,RB,-,-,242.33,-,-,-,-,,,
356,Chris Herndon,MIN,TE,233.42,-,242.36,-,-,210.76,$0.99 ,,,
357,James Proche,BAL,WR,-,-,242.37,-,-,-,-,,,
358,Jaylen Samuels,ARI,RB,-,-,242.41,-,-,-,-,,,
359,Adam Shaheen,MIA,TE,-,-,242.43,-,-,-,-,,,
360,Caleb Huntley,ATL,RB,-,-,242.43,-,-,-,-,,,
361,Gunner Olszewski,NE,WR,-,-,242.43,-,-,-,-,,,
362,Kaden Smith,NYG,TE,-,-,242.49,-,-,-,-,IR,Knee,
363,Josiah Deguara,GB,TE,-,-,242.5,-,-,-,-,,,
364,Mike Glennon,NYG,QB,510.4,-,242.51,-,-,-,-,Ques,Wrist,
365,Marlon Williams,FA,WR,-,-,242.54,-,-,-,-,,,
366,Alex Smith,FA,QB,-,-,242.56,-,-,-,$0.56 ,,,
367,Trinity Benson,DET,WR,-,-,242.57,-,-,-,-,,,
368,Alfred Morris,FA,RB,-,-,242.67,-,-,-,-,,,
369,Drew Brees,FA,QB,-,-,242.78,-,-,-,$0.46 ,,,
370,Trevon Grimes,FA,WR,-,-,242.78,-,-,-,-,Ques,Undisclosed,
371,Jonathan Ward,ARI,RB,-,-,242.86,-,-,-,$0.62 ,Ques,Knee,
372,Alshon Jeffery,FA,WR,-,-,242.95,-,-,-,$1.05 ,,,
373,Geno Smith,SEA,QB,-,-,243.05,-,-,-,-,,,
374,Equanimeous St. Brown,GB,WR,-,-,243.08,-,-,-,-,,,
375,Dazz Newsome,CHI,WR,395.2,-,243.11,-,-,-,$1.97 ,,,
376,Rakeem Boyd,FA,RB,-,-,243.21,-,-,-,-,,,
377,Jordan Reed,FA,TE,-,-,243.21,-,-,-,-,,,
378,Chris Hogan,FA,WR,-,-,243.24,-,-,201.18,-,,,
379,Braxton Berrios,NYJ,WR,-,-,243.27,-,-,-,-,IR,Quadriceps,
380,Jakeem Grant,CHI,WR,-,-,243.37,-,-,-,-,IR,Ankle,
381,Antonio Callaway,FA,WR,349.4,-,243.46,-,-,-,-,Ques,Knee,
382,Phillip Dorsett,HOU,WR,-,-,243.57,-,-,-,-,IR,Ankle,
383,Larry Fitzgerald,FA,WR,-,-,243.57,-,-,-,$0.74 ,,,
384,Garrett Gilbert,WAS,QB,-,-,243.61,-,-,-,-,,,
385,Chad Beebe,MIN,WR,436.74,-,243.62,-,-,-,-,IR,Foot,
386,Danny Amendola,HOU,WR,-,-,243.74,-,-,-,$0.20 ,,,
387,Devin Asiasi,NE,TE,-,-,243.76,-,-,-,$0.36 ,,,
388,Thaddeus Moss,FA,TE,-,-,243.81,-,-,-,-,Out,Hamstring,
389,Seth Williams,DEN,WR,-,-,243.89,-,-,201.23,$0.43 ,,,
390,Shi Smith,CAR,WR,327.37,-,244.02,-,-,-,$0.41 ,,,
391,Travis Homer,SEA,RB,-,-,244.03,-,-,-,-,,,
392,Jake Kumerow,BUF,WR,-,-,244.09,-,-,-,-,,,
393,Brandon Allen,CIN,QB,-,-,244.21,-,-,-,-,,,
394,Nico Collins,HOU,WR,193.82,-,244.27,-,-,214,$4.93 ,,,
395,Josh Gordon,KC,WR,-,-,244.35,-,-,-,-,,,
396,Tamorrion Terry,FA,WR,-,-,244.36,-,-,-,$0.45 ,,,
397,Pharaoh Brown,HOU,TE,-,-,244.43,-,-,-,-,,,
398,Tyler Eifert,FA,TE,-,-,244.44,-,-,-,-,,,
399,Ty Johnson,NYJ,RB,198.5,-,244.62,-,-,205.47,$1.44 ,,,
400,Chase Daniel,LAC,QB,-,-,244.65,-,-,-,-,,,
401,Jalen Richard,LV,RB,218,-,244.65,-,-,-,-,,,
402,Rodney Smith,FA,RB,-,-,244.69,-,-,201.34,-,,,
403,Marquez Stevenson,BUF,WR,-,-,244.69,-,-,-,$1.00 ,,,
404,Julian Edelman,FA,WR,-,-,244.79,-,-,-,$1.61 ,,,
405,Dawson Knox,BUF,TE,224.87,34.2,244.95,-,-,207.11,$1.45 ,,,
406,Mekhi Sargent,JAX,RB,384,-,245.16,-,-,200.73,-,,,
407,Frank Darby,ATL,WR,-,-,245.29,-,-,-,$1.02 ,Ques,Shoulder,
408,Colt McCoy,ARI,QB,-,-,245.34,-,-,-,-,,,
409,Steven Sims,PIT,WR,-,-,245.36,-,-,-,-,,,
410,Jace Sternberger,PIT,TE,-,-,245.47,-,-,-,$0.29 ,,,
411,Dare Ogunbowale,JAX,RB,-,-,245.52,-,-,-,-,,,
412,P.J. Walker,CAR,QB,-,-,245.59,-,-,-,-,,,
413,John Wolford,LAR,QB,488.3,-,245.6,-,-,-,-,,,
414,Ito Smith,DAL,RB,263.31,-,245.71,-,-,-,$1.26 ,,,
415,Lil'Jordan Humphrey,NO,WR,-,-,245.75,-,-,202.1,-,,,
416,KJ Hamler,DEN,WR,225.58,-,245.85,-,-,214.45,$0.79 ,IR,Knee - ACL,
417,Mike Strachan,IND,WR,389.06,-,246.35,-,-,-,-,,,
418,Tyler Huntley,BAL,QB,-,-,246.36,-,-,-,-,,,
419,James O'Shaughnessy,JAX,TE,363.33,-,246.37,-,-,-,-,Ques,Hip,
420,Kalif Raymond,DET,WR,-,-,246.42,-,-,201.34,-,,,
421,Richard Rodgers,PHI,TE,-,-,246.6,-,-,-,-,,,
422,Kyle Trask,TB,QB,-,-,246.69,-,-,-,$2.98 ,,,
423,Colby Parkinson,SEA,TE,-,-,246.7,-,-,201.1,-,,,
424,Hunter Long,MIA,TE,-,-,246.75,-,-,-,$2.11 ,,,
425,Tommy Tremble,CAR,TE,-,-,246.86,-,-,-,$0.98 ,,,
426,K.J. Osborn,MIN,WR,-,-,246.92,-,-,200.77,-,,,
427,Carlos Hyde,JAX,RB,210.23,-,247.28,-,-,206.64,$2.26 ,IR,Concussion,
428,Josh Reynolds,DET,WR,244.76,-,247.29,-,-,209.18,$1.24 ,,,
429,Blaine Gabbert,TB,QB,-,-,247.39,-,-,-,-,,,
430,Sage Surratt,FA,WR,-,-,247.4,-,-,-,$0.37 ,,,
431,Richie James,SF,WR,-,-,247.47,-,-,-,-,IR,Knee,
432,Case Keenum,CLE,QB,-,-,247.72,-,-,-,-,,,
433,Mason Rudolph,PIT,QB,-,-,247.75,-,-,-,-,,,
434,Darren Fells,FA,TE,-,-,247.83,-,-,-,-,,,
435,Maxx Williams,ARI,TE,-,-,248.14,-,-,-,-,IR,Knee,
436,Dan Arnold,JAX,TE,204.12,-,248.4,-,-,213.79,$1.97 ,IR-R,Knee - MCL,
437,Nick Foles,CHI,QB,-,-,248.55,-,-,-,$0.23 ,,,
438,Antonio Gandy-Golden,WAS,WR,-,-,248.73,-,-,-,$0.18 ,,,
439,Joe Flacco,NYJ,QB,534.4,-,248.83,-,-,-,-,,,
440,Miles Boykin,BAL,WR,-,-,249.01,-,-,-,-,,,
441,Kellen Mond,MIN,QB,-,-,249.08,-,-,-,$2.18 ,,,
442,Ihmir Smith-Marsette,MIN,WR,-,-,249.42,-,-,201.21,$1.17 ,,,
443,D'Ernest Johnson,CLE,RB,-,-,249.42,-,-,199.88,-,,,
444,Jordan Howard,PHI,RB,467.5,-,249.42,-,-,-,-,,,
445,Peyton Barber,LV,RB,-,-,249.56,-,-,-,-,,,
446,Willie Snead,FA,WR,-,-,249.59,-,-,-,-,,,
447,Quez Watkins,PHI,WR,210.33,-,249.66,-,-,210.66,$2.59 ,,,
448,D'Onta Foreman,TEN,RB,259.54,-,249.72,-,-,201.09,-,,,
449,Trent Sherfield,SF,WR,444.69,-,249.79,-,-,-,-,,,
450,Javian Hawkins,FA,RB,-,-,250.28,-,-,205.09,$1.71 ,,,
451,Devin Funchess,FA,WR,279.77,-,250.42,-,-,-,-,Ques,Undisclosed,
452,Ian Thomas,CAR,TE,-,-,250.81,-,-,-,$0.34 ,,,
453,Jeremy McNichols,FA,RB,432,-,250.85,-,-,201.46,-,,,
454,Kene Nwangwu,MIN,RB,-,-,250.9,-,-,201.09,$0.84 ,,,
455,Dalton Schultz,DAL,TE,223.75,-,251.24,-,-,207.36,$1.82 ,,,
456,John Ross,NYG,WR,-,-,251.49,-,-,-,$1.39 ,Ques,Knee,
457,Nick Boyle,BAL,TE,-,-,251.64,-,-,-,-,,,
458,Anthony Schwartz,CLE,WR,337.8,-,251.7,-,-,201.23,$1.39 ,,,
459,Demarcus Robinson,KC,WR,207.52,-,251.73,-,-,211.16,$1.65 ,,,
460,Donovan Peoples-Jones,CLE,WR,210.38,-,252.61,-,-,214.37,$1.58 ,,,
461,Devonta Freeman,BAL,RB,332.51,-,252.63,-,-,201.79,-,Ques,Ribs,
462,DeSean Jackson,LV,WR,208.46,-,252.73,-,-,216.65,$0.59 ,,,
463,Qadree Ollison,ATL,RB,208.42,-,253.28,-,-,206.73,$1.57 ,,,
464,Corey Clement,DAL,RB,408.2,-,253.76,-,-,201.48,-,,,
465,Byron Pringle,KC,WR,212.99,-,253.86,-,-,216.83,$0.67 ,,,
466,Tyrod Taylor,HOU,QB,210.94,-,254.01,-,-,204.23,$2.73 ,,,
467,Drew Lock,DEN,QB,217.81,-,254.06,-,-,204.66,$2.06 ,,,
468,Tim Tebow,FA,TE,203.5,-,254.07,-,-,201.7,$1.08 ,,,
469,Ty Montgomery,NO,WR,362.7,-,254.36,-,-,-,-,,,
470,Freddie Swain,SEA,WR,-,-,254.67,-,-,-,-,,,
471,Juwan Johnson,NO,TE,201.6,-,254.75,-,-,205.43,-,,,
472,Ross Dwelley,SF,TE,-,-,254.79,-,-,-,-,,,
473,Pooka Williams,FA,RB,-,-,254.8,-,-,201.2,$0.64 ,,,
474,Mohamed Sanu,SF,WR,322.19,-,255.04,-,-,-,-,,,
475,Jaelon Darden,TB,WR,-,-,255.05,-,-,-,$0.85 ,Ques,Concussion,
476,Pat Freiermuth,PIT,TE,195.4,-,255.12,-,-,208.56,$1.60 ,,,
477,Dwayne Haskins,PIT,QB,-,-,255.17,-,-,-,$2.04 ,,,
478,Jordan Wilkins,FA,RB,-,-,255.23,-,-,201.67,-,,,
479,Jacob Eason,SEA,QB,369.63,-,255.68,-,-,201.23,$0.93 ,,,
480,Chad Henne,KC,QB,471.4,-,255.98,-,-,-,-,,,
481,JaMycal Hasty,SF,RB,-,-,256.02,-,-,201.84,$0.36 ,,,
482,Golden Tate,FA,WR,-,-,256.15,-,-,-,$0.70 ,,,
483,Dez Fitzpatrick,TEN,WR,351.3,-,256.73,-,-,-,$0.54 ,,,
484,Trayveon Williams,CIN,RB,-,-,257.08,-,-,-,-,,,
485,Darwin Thompson,FA,RB,-,-,257.44,-,-,-,-,,,
486,Andy Isabella,ARI,WR,403.8,-,257.62,-,-,201.21,$0.85 ,,,
487,Jacoby Brissett,MIA,QB,536.4,-,258.05,-,-,-,-,,,
488,Trey Burton,FA,TE,-,-,258.08,-,-,201.22,$0.97 ,,,
489,Marquise Goodwin,CHI,WR,283.28,-,258.21,-,-,-,-,,,
490,J.J. Taylor,NE,RB,192.83,-,258.29,-,-,201.7,$0.62 ,,,
491,Tim Patrick,DEN,WR,235.98,-,258.31,-,-,206.17,$0.87 ,,,
492,Mark Ingram,NO,RB,201.66,-,258.6,140.4,-,211.49,$2.01 ,Ques,Knee,
493,Gerrid Doaks,MIA,RB,-,-,258.95,-,-,202.45,$1.54 ,,,
494,Mo Alie-Cox,IND,TE,214.8,-,259.08,-,-,207.19,$1.22 ,,,
495,Royce Freeman,HOU,RB,201.06,-,259.16,-,-,201.85,$0.20 ,,,
496,Dyami Brown,WAS,WR,240.52,-,259.28,-,-,208.31,$2.39 ,,,
497,Jalen Hurd,FA,WR,-,-,259.76,-,-,201.61,-,Out,Knee,
498,Kylen Granson,IND,TE,412,-,259.81,-,-,202.2,$1.53 ,,,
499,Albert Wilson,MIA,WR,332.48,-,259.82,-,-,-,-,,,
500,Cedrick Wilson,DAL,WR,-,-,260.67,-,-,202.44,-,,,
501,Kylin Hill,GB,RB,379.24,-,260.68,-,-,204.73,$0.86 ,IR,Knee - ACL,
502,Alex Collins,SEA,RB,262.58,-,260.93,-,-,203.93,-,IR,Abdomen,
503,Jacob Harris,LAR,TE,-,-,261.4,-,-,201.58,$1.26 ,IR,Knee - ACL + MCL,
504,C.J. Uzomah,CIN,TE,247.87,-,261.56,-,-,208.91,$0.82 ,Ques,Knee - MCL,
505,Adrian Peterson,FA,RB,-,-,261.6,-,-,201.6,$0.66 ,Out,Lower Back,
506,Davis Mills,HOU,QB,452.4,-,261.86,-,-,-,$2.53 ,,,
507,Albert Okwuegbunam,DEN,TE,378.97,-,261.87,-,-,201.3,$1.24 ,,,
508,Collin Johnson,NYG,WR,-,-,261.93,-,-,-,$2.07 ,,,
509,Cornell Powell,KC,WR,-,-,262,-,-,203.04,$0.90 ,,,
510,Damiere Byrd,CHI,WR,328,-,262.39,-,-,201.02,-,,,
511,Lynn Bowden,MIA,WR,312.27,-,262.4,-,-,203.67,$0.37 ,IR,Hamstring,
512,Auden Tate,CIN,WR,-,-,262.89,-,-,-,$0.22 ,IR,Calf,
513,Cam Sims,WAS,WR,325,-,262.93,-,-,201.23,$1.20 ,,,
514,Jake Funk,LAR,RB,200.3,-,262.99,-,-,207.35,$1.99 ,,,
515,Demetric Felton,CLE,RB,409.2,-,263.2,-,-,201.48,$0.66 ,,,
516,Jaret Patterson,WAS,RB,210.99,-,263.46,-,-,209.47,$2.91 ,,,
517,Joshua Palmer,LAC,WR,209.14,-,263.74,-,-,213.03,$2.02 ,,,
518,Tyler Kroft,NYJ,TE,201.66,-,264.04,-,-,207.21,-,,,
519,Benny Snell,PIT,RB,197.27,-,264.08,-,-,205.22,$0.57 ,,,
520,Chris Conley,HOU,WR,238.9,-,264.23,-,-,201,-,Ques,Knee,
521,Rex Burkhead,HOU,RB,516.4,-,264.25,-,-,-,-,,,
522,Donald Parham,LAC,TE,306.58,-,264.29,-,-,208.42,$1.31 ,IR,Concussion,
523,Brevin Jordan,HOU,TE,-,-,264.56,-,-,201.9,$1.70 ,,,
524,Quintez Cephus,DET,WR,226.68,-,265.13,-,-,206.82,$1.10 ,IR,Collarbone,
525,Isaiah McKenzie,BUF,WR,-,-,265.35,-,-,-,-,,,
526,Brian Hill,FA,RB,-,-,265.57,-,-,201.68,$1.69 ,,,
527,Andy Dalton,CHI,QB,200.14,-,265.63,-,-,202.67,$1.85 ,,,
528,Larry Rountree,LAC,RB,217.67,-,265.79,-,-,212.43,$1.18 ,,,
529,Amari Rodgers,GB,WR,255.14,-,265.83,-,-,208.92,$2.27 ,,,
530,Joshua Kelley,LAC,RB,219.05,-,265.99,-,-,206.03,$0.34 ,,,
531,Justice Hill,BAL,RB,205.55,-,266.13,-,-,201.97,$0.50 ,IR,Achilles,
532,Gardner Minshew,PHI,QB,545.4,-,266.61,-,-,201.22,$0.50 ,,,
533,David Moore,FA,WR,-,-,267.09,-,-,-,$1.92 ,,,
534,Tylan Wallace,BAL,WR,302.35,-,268.48,-,-,-,$0.45 ,Ques,Thigh,
535,Drew Sample,CIN,TE,524.4,-,268.63,-,-,201.24,$0.16 ,,,
536,Marcus Mariota,LV,QB,295.73,-,268.83,-,-,201.19,$0.67 ,,,
537,Anthony McFarland,PIT,RB,199.53,-,268.84,-,-,202.82,$0.61 ,,,
538,Rashard Higgins,CLE,WR,254.88,-,269.03,-,-,202.43,$0.97 ,Ques,Illness,
539,Duke Johnson,MIA,RB,-,-,269.09,-,-,203.12,$1.25 ,,,
540,Tyler Conklin,MIN,TE,374.26,-,269.35,-,-,203.28,$0.49 ,,,
541,Eno Benjamin,ARI,RB,219.13,-,269.4,-,-,202.41,$0.17 ,,,
542,Jordan Love,GB,QB,351.73,-,269.41,-,-,201.78,$1.51 ,,,
543,Todd Gurley,FA,RB,196.59,-,269.78,-,-,204.22,$1.90 ,,,
544,Zach Pascal,IND,WR,271.35,-,270.35,-,-,204.44,$1.05 ,,,
545,Jermar Jefferson,DET,RB,372.01,-,271.21,-,-,204.41,$0.94 ,,,
546,Foster Moreau,LV,TE,354.06,-,271.48,-,-,201.25,$0.13 ,,,
547,Mitchell Trubisky,BUF,QB,330.89,-,272.07,-,-,201.87,$0.68 ,,,
548,Chris Evans,CIN,RB,232.22,-,272.17,-,-,205.44,$2.04 ,,,
549,Devin Duvernay,BAL,WR,415.3,-,272.35,-,-,-,$0.10 ,,,
550,Kyle Juszczyk,SF,FB,434.73,-,272.42,-,-,-,-,,,
551,Dee Eskridge,SEA,WR,229.31,-,272.5,-,-,205.03,$2.67 ,,,
552,Noah Gray,KC,TE,416.37,-,272.69,-,-,206.24,$2.29 ,Ques,Ankle,
553,Taylor Heinicke,WAS,QB,437.4,-,272.77,-,-,201.25,$5.45 ,,,
554,Kalen Ballage,PIT,RB,236.11,-,272.82,-,-,201.58,$1.46 ,,,
555,Le'Veon Bell,FA,RB,199.76,-,272.92,-,-,206.16,$2.42 ,,,
556,Dede Westbrook,MIN,WR,399.3,-,273.14,-,-,201.29,-,,,
557,Mike Boone,DEN,RB,209.65,-,273.43,-,-,201.79,$1.18 ,,,
558,Hunter Renfrow,LV,WR,207,-,273.61,-,-,207.32,$1.19 ,,,
559,Tyler Johnson,TB,WR,348.89,-,273.7,-,-,200.94,$1.13 ,Ques,Ribs,
560,Khalil Herbert,CHI,RB,-,-,273.75,-,-,200.01,$1.32 ,,,
561,Deonte Harris,NO,WR,247.69,-,275.23,-,-,204.25,-,,,
562,Ke'Shawn Vaughn,TB,RB,232.05,-,275.52,-,-,201.86,$0.76 ,,,
563,Jack Doyle,IND,TE,356.34,-,275.6,-,-,205.79,$0.85 ,,,
564,Kerryon Johnson,FA,RB,259,-,275.8,-,-,202.64,$0.89 ,,,
565,Kyle Rudolph,NYG,TE,428.29,-,275.89,-,-,-,$1.06 ,,,
566,Cameron Brate,TB,TE,-,-,276.69,-,-,201.21,$0.63 ,,,
567,Elijah Mitchell,SF,RB,196.14,-,276.76,-,-,202.9,$1.87 ,,,
568,Tyron Johnson,LV,WR,368.25,-,277.23,-,-,203.82,$0.25 ,,,
569,Kendrick Bourne,NE,WR,279.94,-,277.7,-,-,202.95,$0.77 ,,,
570,Olamide Zaccheaus,ATL,WR,225.8,-,277.97,-,-,202.08,$0.74 ,,,
571,Matt Breida,BUF,RB,300.35,-,278.22,-,-,203.44,$1.81 ,,,
572,Jimmy Graham,CHI,TE,206.33,-,278.24,-,-,201.91,$1.25 ,,,
573,N'Keal Harry,NE,WR,314.33,-,278.73,-,-,201.94,$0.68 ,,,
574,Preston Williams,MIA,WR,321,-,279.01,-,-,201.21,$1.30 ,,,
575,David Njoku,CLE,TE,347.46,-,279.44,-,-,201.7,$0.63 ,,,
576,DeeJay Dallas,SEA,RB,405.86,-,279.74,-,-,202.34,$0.41 ,,,
577,Keelan Cole,NYJ,WR,279.95,-,279.76,-,-,202.75,$0.50 ,,,
578,Anthony Miller,PIT,WR,-,-,279.82,-,-,201.89,$0.87 ,,,
579,Cordarrelle Patterson,ATL,RB,205,-,279.95,-,-,200.76,-,,,
580,Will Dissly,SEA,TE,410.35,-,280.01,-,-,201.6,$0.79 ,Ques,Heel,
581,La'Mical Perine,NYJ,RB,204.99,-,280.1,-,-,203.78,$1.51 ,,,
582,Jordan Akins,HOU,TE,179.87,-,280.11,-,-,203.35,$0.70 ,Ques,Illness,
583,Travis Fulgham,DEN,WR,-,-,281.25,-,-,203.24,$1.98 ,,,
584,James Washington,PIT,WR,311.03,-,281.49,-,-,201.59,$1.11 ,,,
585,Harrison Bryant,CLE,TE,539.4,-,281.82,-,-,201.88,$0.67 ,,,
586,Adam Humphries,WAS,WR,227.23,-,281.91,-,-,204.29,-,,,
587,Jacob Hollister,JAX,TE,548.4,-,282.67,-,-,201.88,-,,,
588,Greg Ward,PHI,WR,382.1,-,283,-,-,-,$0.83 ,Ques,Back,
589,Tutu Atwell,LAR,WR,320.99,-,283.13,-,-,201.7,$2.80 ,IR,Shoulder,
590,Keke Coutee,IND,WR,-,-,283.68,-,-,202.41,$1.79 ,,,
591,Scotty Miller,TB,WR,216.92,-,284.06,-,-,204.18,$0.88 ,,,
592,Jalen Guyton,LAC,WR,322,-,285.31,-,-,202.54,$2.09 ,,,
593,Khari Willis,IND,S,-,-,-,-,-,-,-,,,
594,Jessie Bates,CIN,S,-,-,-,-,-,-,-,,,
595,Zach Gentry,PIT,TE,-,-,-,-,-,-,-,,,
596,Karan Higdon,FA,RB,-,-,-,-,-,-,-,,,
597,Tremaine Edmunds,BUF,LB,-,-,-,-,-,-,-,,,
598,Minkah Fitzpatrick,PIT,S,-,-,-,-,-,-,-,,,
599,Derrick Gore,KC,RB,-,-,-,-,-,-,-,,,
600,Daron Payne,WAS,DT,-,-,-,-,-,-,-,,,
601,Ben Ellefson,MIN,TE,-,-,-,-,-,-,-,,,
602,Case Cookus,FA,QB,294,-,-,-,-,-,-,,,
603,Feleipe Franks,ATL,QB,-,-,-,-,-,-,-,,,
604,Justin Reid,HOU,S,-,-,-,-,-,-,-,,,
605,Noah Togiai,PHI,TE,-,-,-,-,-,-,-,,,
606,Tyler Bass,BUF,K,161.6,48.4,-,-,-,-,$0.95 ,,,
607,Maxx Crosby,LV,DE,-,-,-,-,-,-,-,,,
608,John Ursua,SEA,WR,-,-,-,-,-,-,-,IR,Knee - ACL,
609,Dax Raymond,FA,TE,-,-,-,-,-,-,-,,,
610,Dre Greenlaw,SF,LB,-,-,-,-,-,-,-,Ques,Calf,
611,Josh Allen,JAX,LB,-,-,-,-,-,-,-,,,
612,Jesper Horsted,CHI,TE,-,-,-,-,-,-,-,IR,Undisclosed,
613,Hakeem Butler,FA,TE,-,-,-,-,-,-,-,,,
614,Matt Ammendola,NYJ,K,-,-,-,-,-,-,-,,,
615,Nick Bowers,LV,TE,-,-,-,-,-,-,-,,,
616,Dan Chisena,MIN,WR,-,-,-,-,-,-,-,,,
617,Jeff Smith,NYJ,WR,-,-,-,-,-,-,-,,,
618,Terry Godwin,JAX,WR,289.3,-,-,-,-,-,-,IR,Undisclosed,
619,Roquan Smith,CHI,LB,-,-,-,-,-,-,-,,,
620,John Kelly,CLE,RB,-,-,-,-,-,-,-,,,
621,Isaiah Zuber,FA,WR,-,-,-,-,-,-,-,,,
622,Kyle Shurmur,FA,QB,-,-,-,-,-,-,-,,,
623,Rodrigo Blankenship,IND,K,179.72,-,-,-,-,-,$0.98 ,IR,Hip,
624,Carlton Davis,TB,CB,-,-,-,-,-,-,-,,,
625,Reggie Gilliam,BUF,FB,-,-,-,-,-,-,-,,,
626,Antoine Winfield,TB,S,-,-,-,-,-,-,-,,,
627,Jason Huntley,PHI,RB,-,-,-,-,-,-,-,,,
628,Damarea Crockett,DEN,RB,-,-,-,-,-,-,-,,,
629,A.J. Rose,MIN,RB,-,-,-,-,-,-,-,,,
630,Tyler Vaughns,PIT,WR,-,-,-,-,-,-,-,,,
631,Elijah Holyfield,FA,RB,-,-,-,-,-,-,-,,,
632,Jeffery Simmons,TEN,DE,-,-,-,-,-,-,-,,,
633,Jordan Thomas,DET,TE,-,-,-,-,-,-,-,,,
634,Ben Skowronek,LAR,WR,-,-,-,-,-,-,-,,,
635,Jeremy Chinn,CAR,S,-,-,-,-,-,-,-,Ques,Ankle,
636,Eddy Pineiro,NYJ,K,477.1,-,-,-,-,-,-,,,
637,Tucker McCann,FA,K,314.37,-,-,-,-,-,-,Ques,Undisclosed,
638,Dezmon Patmon,IND,WR,-,-,-,-,-,-,-,,,
639,Devin White,TB,LB,-,-,-,-,-,-,-,,,
640,Stephen Sullivan,CAR,TE,-,-,-,-,-,-,-,,,
641,Carlos Basham,BUF,DE,-,-,-,-,-,-,-,,,
642,Devin Bush,PIT,LB,-,-,-,-,-,-,-,,,
643,Antonio Williams,NYG,RB,-,-,-,-,-,-,-,,,
644,Jaleel Scott,FA,WR,-,-,-,-,-,-,-,,,
645,Sewo Olonilua,DAL,FB,-,-,-,-,-,-,-,IR,Neck,
646,L'Jarius Sneed,KC,CB,-,-,-,-,-,-,-,,,
647,Isaiah Simmons,ARI,LB,-,-,-,-,-,-,-,,,
648,Taylor Rapp,LAR,S,-,-,-,-,-,-,-,,,
649,Dominique Dafney,GB,TE,-,-,-,-,-,-,-,,,
650,Kenneth Murray,LAC,LB,-,-,-,-,-,-,-,,,
651,Jaelan Phillips,MIA,LB,-,-,-,-,-,-,-,,,
652,Matt Bushman,KC,TE,-,-,-,-,-,-,-,,,
653,Racey McMath,TEN,WR,-,-,-,-,-,-,-,,,
654,Patrick Queen,BAL,LB,-,-,-,-,-,-,-,,,
655,Pete Werner,NO,LB,-,-,-,-,-,-,-,,,
656,Chase Young,WAS,DE,-,-,-,-,-,-,-,IR,Knee - ACL,
657,Zaven Collins,ARI,LB,-,-,-,-,-,-,-,,,
658,Isaiah Coulter,CHI,WR,-,-,-,-,-,-,-,,,
659,Nicholas Morrow,LV,LB,-,-,-,-,-,-,-,IR-R,Ankle,
660,Kenny Moore,IND,CB,-,-,-,-,-,-,-,,,
661,Tarik Black,NYJ,WR,-,-,-,-,-,-,-,,,
662,Cody White,PIT,WR,-,-,-,-,-,-,-,,,
663,Josh Gable,FA,K,357.4,-,-,-,-,-,-,,,
664,Michael Warren,FA,RB,-,-,-,-,-,-,-,Ques,Undisclosed,
665,Kamren Curl,WAS,S,-,-,-,-,-,-,$2.00 ,Ques,Knee,
666,D.J. Montgomery,NYJ,WR,-,-,-,-,-,-,-,,,
667,Jeremiah Owusu-Koramoah,CLE,LB,-,-,-,-,-,-,-,Ques,Leg,
668,Willie Gay,KC,LB,-,-,-,-,-,-,-,,,
669,Matt Gay,LAR,K,210.32,-,-,-,-,-,$0.72 ,,,
670,Brian Burns,CAR,DE,-,-,-,-,-,-,-,,,
671,Trevon Diggs,DAL,CB,-,-,-,-,-,-,-,,,
672,Shawn Poindexter,FA,WR,-,-,-,-,-,-,-,,,
673,Trishton Jackson,MIN,WR,-,-,-,-,-,-,-,,,
674,Isaiah Wright,FA,WR,-,-,-,-,-,-,-,,,
675,Quinnen Williams,NYJ,DT,-,-,-,-,-,-,-,,,
676,Rico Gafford,GB,WR,-,-,-,-,-,-,-,,,
677,Aaron Parker,CAR,WR,-,-,-,-,-,-,-,,,
678,Jordyn Brooks,SEA,LB,-,-,-,-,-,-,-,,,
679,Amani Hooker,TEN,S,-,-,-,-,-,-,$2.66 ,,,
680,Krys Barnes,GB,LB,-,-,-,-,-,-,$3.95 ,,,
681,Caleb Wilson,FA,TE,-,-,-,-,-,-,-,,,
682,Aaron Fuller,SEA,WR,-,-,-,-,-,-,-,,,
683,Xavier McKinney,NYG,S,-,-,-,-,-,-,-,,,
684,Jordan Ta'amu,FA,QB,-,-,-,-,-,-,-,,,
685,Isaiah Hodgins,BUF,WR,-,-,-,-,-,-,-,,,
686,Easop Winston,NO,WR,-,-,-,-,-,-,-,,,
687,Jamin Davis,WAS,LB,-,-,-,-,-,-,-,,,
688,D.J. Reed,SEA,CB,-,-,-,-,-,-,-,,,
689,Jose Borregales,TB,K,-,-,-,-,-,-,-,,,
690,Nick Bosa,SF,DE,-,-,-,-,-,-,-,,,
691,Luke Farrell,JAX,TE,-,-,-,-,-,-,$0.57 ,,,
692,Jordan Fuller,LAR,S,-,-,-,-,-,-,$2.40 ,IR,Ankle,
693,Quinn Nordin,NE,K,-,-,-,-,-,-,-,,,
694,Tre Nixon,NE,WR,-,-,-,-,-,-,-,,,
695,Richie Grant,ATL,S,-,-,-,-,-,-,-,,,
696,Adrian Killins,DEN,WR,-,-,-,-,-,-,-,IR,Ankle,
697,Greg Rousseau,BUF,DE,-,-,-,-,-,-,-,,,
698,Micah Parsons,DAL,LB,-,-,-,-,-,-,-,,,
699,Kwity Paye,IND,DE,-,-,-,-,-,-,-,,,
700,Josh Pearson,FA,WR,-,-,-,-,-,-,-,,,
701,Ernest Jones,LAR,LB,-,-,-,-,-,-,-,,,
702,Austin Watkins,TB,WR,-,-,-,-,-,-,-,,,
703,Jaycee Horn,CAR,CB,-,-,-,-,-,-,-,IR,Foot,
704,Nick Bolton,KC,LB,-,-,-,-,-,-,-,,,
705,Evan McPherson,CIN,K,202.62,-,-,-,-,-,-,,,
706,Trevon Moehrig,LV,S,-,-,-,-,-,-,-,,,
707,Ashton Dulin,IND,WR,-,-,-,-,-,-,-,,,
708,Brandon Dillon,NYJ,TE,-,-,-,-,-,-,-,,,
709,Jevon Holland,MIA,S,-,-,-,-,-,-,-,,,
710,Mason Kinsey,TEN,WR,-,-,-,-,-,-,-,,,
711,James Morgan,IND,QB,-,-,-,-,-,-,-,,,
712,Chandler Cox,FA,FB,-,-,-,-,-,-,-,,,
713,David Sills,NYG,WR,-,-,-,-,-,-,-,,,
714,Jauan Jennings,SF,WR,-,-,-,-,-,-,-,,,
715,Derwin James,LAC,S,-,-,-,-,-,-,-,,,
716,Bryce Perkins,LAR,QB,-,-,-,-,-,-,-,,,
717,Chase McLaughlin,CLE,K,291.03,-,-,-,-,-,-,,,
718,Derrick Dillon,FA,WR,-,-,-,-,-,-,-,Ques,Undisclosed,
719,Derrius Guice,FA,RB,-,-,-,-,-,-,-,,,
720,Fred Warner,SF,LB,-,-,-,-,-,-,-,,,
721,Kevin Rader,PIT,TE,-,-,-,-,-,-,-,,,
722,DeShone Kizer,FA,QB,-,-,-,-,-,-,-,,,
723,Kenny Young,DEN,LB,-,-,-,-,-,-,-,,,
724,Matthew Wright,JAX,K,-,-,-,-,-,-,-,,,
725,Leighton Vander Esch,DAL,LB,-,-,-,-,-,-,-,,,
726,Eli Wolf,IND,TE,-,-,-,-,-,-,-,,,
727,Logan Wilson,CIN,LB,-,-,-,-,-,-,-,,,
728,Josh Rosen,ATL,QB,-,-,-,-,-,-,-,,,
729,Nate Wieting,FA,TE,-,-,-,-,-,-,-,,,
730,Johnathan Abram,LV,S,-,-,-,-,-,-,-,IR,Shoulder,
731,Omar Bayless,KC,WR,-,-,-,-,-,-,-,,,
732,Jake Browning,FA,QB,-,-,-,-,-,-,-,,,
733,Deon Cain,PHI,WR,-,-,-,-,-,-,-,,,
734,Christian Wilkins,MIA,DE,-,-,-,-,-,-,-,,,
735,Darnell Savage,GB,S,-,-,-,-,-,-,-,,,
736,Dre'Mont Jones,DEN,DE,-,-,-,-,-,-,-,,,
737,Mike Weber,FA,RB,-,-,-,-,-,-,-,Ques,Hip,
738,Jerome Baker,MIA,LB,-,-,-,-,-,-,-,,,
739,Patrick Laird,MIA,RB,-,-,-,-,-,-,-,IR-R,Knee - MCL,
740,Mike Thomas,CIN,WR,-,-,-,-,-,-,-,,,
741,Rashaan Evans,TEN,LB,-,-,-,-,-,-,-,,,
742,Marlon Humphrey,BAL,CB,-,-,-,-,-,-,-,IR,Pectoral,
743,Myles Garrett,CLE,DE,-,-,-,-,-,-,-,,,
744,Donovan Wilson,DAL,S,-,-,-,-,-,-,$3.11 ,,,
745,Juwann Winfree,GB,WR,-,-,-,-,-,-,-,,,
746,Tommy Sweeney,BUF,TE,-,-,-,-,-,-,-,,,
747,Dante Pettis,NYG,WR,-,-,-,-,-,-,-,IR,Shoulder,
748,Budda Baker,ARI,S,-,-,-,-,-,-,-,Ques,Concussion,
749,Tristan Vizcaino,FA,K,-,-,-,-,-,-,-,,,
750,Montez Sweat,WAS,DE,-,-,-,-,-,-,-,Ques,Personal,
751,Joey Slye,WAS,K,279.42,-,-,-,-,-,-,,,
752,Tom Kennedy,DET,WR,410.4,-,-,-,-,-,-,,,
753,Sam Hubbard,CIN,DE,-,-,-,-,-,-,-,,,
754,Justin Watson,KC,WR,-,-,-,-,-,-,-,,,
755,Michael Badgley,IND,K,276.6,-,-,-,-,-,-,,,
756,Darrius Shepherd,FA,WR,-,-,-,-,-,-,-,,,
757,Bradley Chubb,DEN,LB,-,-,-,-,-,-,-,,,
758,Jon'Vea Johnson,FA,WR,-,-,-,-,-,-,-,,,
759,Cody Thompson,SEA,WR,-,-,-,-,-,-,-,,,
760,Greg Joseph,MIN,K,423.7,-,-,-,-,-,-,,,
761,Taron Johnson,BUF,CB,-,-,-,-,-,-,-,,,
762,Malik Turner,DAL,WR,-,-,-,-,-,-,-,,,
763,Jabrill Peppers,NYG,S,-,-,-,-,-,-,-,IR,Knee - ACL,
764,Bobby Okereke,IND,LB,-,-,-,-,-,-,-,,,
765,Austin Proehl,FA,WR,-,-,-,-,-,-,-,,,
766,Nick Bawden,NYJ,FB,-,-,-,-,-,-,-,,,
767,Matt Sokol,DET,TE,-,-,-,-,-,-,-,,,
768,Josey Jewell,DEN,LB,-,-,-,-,-,-,-,IR,Pectoral,
769,Chris Jones,KC,DT,-,-,-,-,-,-,-,,,
770,Davis Webb,NYG,QB,-,-,-,-,-,-,-,,,
771,Shelton Gibson,FA,WR,-,-,-,-,-,-,-,,,
772,Trent Taylor,CIN,WR,-,-,-,-,-,-,-,,,
773,Tracy Walker,DET,S,-,-,-,-,-,-,-,,,
774,Troy Fumagalli,NE,TE,-,-,-,-,-,-,-,IR,Undisclosed,
775,T.J. Watt,PIT,LB,-,-,-,-,-,-,-,,,
776,Chuck Clark,BAL,S,-,-,-,-,-,-,-,,,
777,Anthony Walker,CLE,LB,-,-,-,-,-,-,-,,,
778,Pharoh Cooper,FA,WR,-,-,-,-,-,-,-,,,
779,Zach Cunningham,TEN,LB,-,-,-,-,-,-,-,,,
780,Jayon Brown,TEN,LB,-,-,-,-,-,-,-,,,
781,Myles Jack,JAX,LB,-,-,-,-,-,-,-,,,
782,Kenny Clark,GB,DT,-,-,-,-,-,-,-,,,
783,Matt Milano,BUF,LB,-,-,-,-,-,-,-,,,
784,John Johnson,CLE,S,-,-,-,-,-,-,-,,,
785,Yannick Ngakoue,LV,DE,-,-,-,-,-,-,-,,,
786,Micah Kiser,DEN,LB,-,-,-,-,-,-,-,,,
787,Jake Elliott,PHI,K,270.24,-,-,-,-,-,-,,,
788,Sebastian Joseph-Day,LAR,DT,-,-,-,-,-,-,-,,,
789,Haason Reddick,CAR,LB,-,-,-,-,-,-,$3.77 ,,,
790,Romeo Okwara,DET,LB,-,-,-,-,-,-,$3.75 ,Ques,Achilles,
791,Wil Lutz,NO,K,197.5,-,-,-,-,-,$1.51 ,IR,Abdomen,
792,Malcolm Butler,FA,CB,-,-,-,-,-,-,-,Reserve-Ret,Undisclosed,
793,Josh Lambo,FA,K,274.58,-,-,-,-,-,-,,,
794,Garrett Griffin,NO,TE,-,-,-,-,-,-,-,IR-R,Hamstring,
795,Chester Rogers,TEN,WR,-,-,-,-,-,-,-,,,
796,Ryan Santoso,FA,K,375.9,-,-,-,-,-,-,,,
797,Tyrone Swoopes,WAS,TE,-,-,-,-,-,-,-,Reserve-DNR,Undisclosed,
798,Wendell Smallwood,FA,RB,-,-,-,-,-,-,-,,,
799,Kevin White,NO,WR,-,-,-,-,-,-,-,,,
800,Ryan Switzer,CLE,WR,-,-,-,-,-,-,-,IR,Foot,
801,Za'Darius Smith,GB,LB,-,-,-,-,-,-,-,,,
802,Vonn Bell,CIN,S,-,-,-,-,-,-,-,,,
803,Joey Bosa,LAC,LB,-,-,-,-,-,-,-,,,
804,Danny Etling,GB,QB,-,-,-,-,-,-,-,,,
805,Trey Hendrickson,CIN,DE,-,-,-,-,-,-,-,,,
806,Victor Bolden,FA,WR,-,-,-,-,-,-,-,,,
807,Jaylon Smith,NYG,LB,-,-,-,-,-,-,-,,,
808,Jonathan Allen,WAS,DT,-,-,-,-,-,-,-,,,
809,Robert Foster,DAL,WR,-,-,-,-,-,-,-,,,
810,Eddie Jackson,CHI,S,-,-,-,-,-,-,-,,,
811,Younghoe Koo,ATL,K,155.12,-,-,-,-,-,$1.82 ,,,
812,Kyle Lauletta,FA,QB,-,-,-,-,-,-,-,,,
813,Andrew Vollert,FA,TE,-,-,-,-,-,-,-,Ques,Ankle,
814,Kevin King,GB,CB,-,-,-,-,-,-,-,,,
815,Harrison Butker,KC,K,134.37,43.4,-,-,-,-,$2.92 ,,,
816,Keanu Neal,DAL,LB,-,-,-,-,-,-,-,Ques,Chest,
817,Daniel Carlson,LV,K,196.76,-,-,-,-,-,$0.95 ,,,
818,Austin MacGinnis,FA,K,205.19,-,-,-,-,-,-,,,
819,Rodney Adams,NYJ,WR,-,-,-,-,-,-,-,,,
820,Aldrick Rosas,DET,K,-,-,-,-,-,-,-,,,
821,Josh Malone,FA,WR,-,-,-,-,-,-,-,,,
822,Will Grier,DAL,QB,-,-,-,-,-,-,-,IR,Undisclosed,
823,Jake Lampman,FA,WR,-,-,-,-,-,-,-,,,
824,Darius Leonard,IND,LB,-,-,-,-,-,-,-,,,
825,Foyesade Oluokun,ATL,LB,-,-,-,-,-,-,-,,,
826,Ethan Wolf,NO,TE,-,-,-,-,-,-,-,,,
827,Jason Sanders,MIA,K,182.82,-,-,-,-,-,$1.05 ,,,
828,Jake Luton,JAX,QB,-,-,-,-,-,-,-,,,
829,Jamal Adams,SEA,S,-,-,-,-,-,-,-,IR,Shoulder - Labrum,
830,David Blough,DET,QB,-,-,-,-,-,-,-,,,
831,Damoun Patterson,FA,WR,422.5,-,-,-,-,-,-,,,
832,Grady Jarrett,ATL,DT,-,-,-,-,-,-,-,,,
833,Trey Flowers,DET,LB,-,-,-,-,-,-,-,IR,Knee,
834,Jadeveon Clowney,CLE,DE,-,-,-,-,-,-,$3.46 ,,,
835,Demetrius Harris,ARI,TE,-,-,-,-,-,-,-,,,
836,Shaquil Barrett,TB,LB,-,-,-,-,-,-,-,,,
837,De'Angelo Henderson,FA,RB,244,-,-,-,-,-,-,,,
838,Tyler Ervin,FA,RB,-,-,-,-,-,-,-,Ques,Foot,
839,Stephen Anderson,LAC,TE,290,-,-,-,-,-,-,,,
840,Donte Moncrief,FA,WR,-,-,-,-,-,-,-,Ques,Undisclosed,
841,Nick Kwiatkoski,LV,LB,-,-,-,-,-,-,-,IR,Ankle,
842,Derek Watt,PIT,FB,-,-,-,-,-,-,-,,,
843,Anthony Harris,PHI,S,-,-,-,-,-,-,-,,,
844,Josh Ferguson,FA,RB,-,-,-,-,-,-,-,,,
845,Devin Smith,FA,WR,389.14,-,-,-,-,-,-,,,
846,Kevin Byard,TEN,S,-,-,-,-,-,-,-,,,
847,Eric Rowe,MIA,S,-,-,-,-,-,-,-,Ques,Back,
848,Alexander Johnson,DEN,LB,-,-,-,-,-,-,-,IR,Pectoral,
849,Cody Parkey,FA,K,255.33,-,-,-,-,-,-,Ques,Groin,
850,C.J. Mosley,NYJ,LB,-,-,-,-,-,-,$6.27 ,,,
851,Michael Burton,KC,FB,-,-,-,-,-,-,-,,,
852,Jordan Matthews,SF,TE,-,-,-,-,-,-,-,,,
853,Xavier Grimble,FA,TE,-,-,-,-,-,-,-,,,
854,Jordan Hicks,ARI,LB,-,-,-,-,-,-,-,,,
855,Adrian Phillips,NE,S,-,-,-,-,-,-,-,,,
856,Geremy Davis,FA,WR,-,-,-,-,-,-,-,,,
857,Greg Zuerlein,DAL,K,189.33,-,-,-,-,-,$1.37 ,,,
858,J.J. Nelson,FA,WR,-,-,-,-,-,-,-,Ques,Groin,
859,Corey Acosta,FA,K,-,-,-,-,-,-,-,,,
860,Blake Bortles,NO,QB,-,-,-,-,-,-,-,,,
861,Blake Martinez,NYG,LB,-,-,-,-,-,-,-,IR,Knee - ACL,
862,Ka'imi Fairbairn,HOU,K,271.93,-,-,-,-,-,-,,,
863,DeForest Buckner,IND,DT,-,-,-,-,-,-,-,,,
864,Leonard Williams,NYG,DE,-,-,-,-,-,-,-,,,
865,Eric Wilson,HOU,LB,-,-,-,-,-,-,$6.21 ,,,
866,Justin Simmons,DEN,S,-,-,-,-,-,-,-,,,
867,Emmanuel Ogbah,MIA,DE,-,-,-,-,-,-,-,,,
868,Eric Saubert,DEN,TE,-,-,-,-,-,-,-,,,
869,Cory Littleton,LV,LB,-,-,-,-,-,-,-,,,
870,Shaq Thompson,CAR,LB,-,-,-,-,-,-,-,,,
871,Joe Schobert,PIT,LB,-,-,-,-,-,-,-,,,
872,Landon Collins,WAS,S,-,-,-,-,-,-,-,IR,Foot,
873,Xavien Howard,MIA,CB,-,-,-,-,-,-,-,,,
874,Dante Fowler,ATL,LB,-,-,-,-,-,-,$2.10 ,,,
875,Matt Jones,FA,RB,-,-,-,-,-,-,-,,,
876,Marcus Maye,NYJ,S,-,-,-,-,-,-,-,IR,Achilles,
877,Evan Baylis,FA,TE,-,-,-,-,-,-,-,Ques,Ankle,
878,Derek Carrier,LV,TE,-,-,-,-,-,-,-,,,
879,DeMarcus Lawrence,DAL,DE,-,-,-,-,-,-,-,,,
880,D.J. Foster,FA,RB,-,-,-,-,-,-,-,,,
881,Seth DeValve,FA,TE,-,-,-,-,-,-,-,,,
882,Alex Singleton,PHI,LB,-,-,-,-,-,-,$4.56 ,,,
883,Adrian Amos,GB,S,-,-,-,-,-,-,-,,,
884,Sam Ficken,TEN,K,197.51,-,-,-,-,-,-,IR,Groin,
885,Marcus Peters,BAL,CB,-,-,-,-,-,-,-,IR,Knee - ACL,
886,Tommylee Lewis,FA,WR,-,-,-,-,-,-,-,Out,Hip,
887,Temarrick Hemingway,FA,TE,-,-,-,-,-,-,-,,,
888,Stephon Tuitt,PIT,DE,-,-,-,-,-,-,-,IR,Undisclosed,
889,Danielle Hunter,MIN,DE,-,-,-,-,-,-,-,IR,Pectoral,
890,Deion Jones,ATL,LB,-,-,-,-,-,-,-,,,
891,Graham Gano,NYG,K,245.63,-,-,-,-,-,-,,,
892,Ryan Succop,TB,K,193.08,-,-,-,-,-,$1.38 ,,,
893,Malcolm Jenkins,NO,S,-,-,-,-,-,-,-,,,
894,Colin Kaepernick,FA,QB,375.54,-,-,-,-,-,-,,,
895,Bruce Miller,FA,FB,-,-,-,-,-,-,-,,,
896,Andre Roberts,LAC,WR,-,-,-,-,-,-,-,,,
897,Brandon Graham,PHI,DE,-,-,-,-,-,-,-,IR,Achilles,
898,Demario Davis,NO,LB,-,-,-,-,-,-,-,,,
899,Harrison Smith,MIN,S,-,-,-,-,-,-,-,,,
900,Nick Bellore,SEA,FB,481,-,-,-,-,-,-,,,
901,Dez Bryant,FA,WR,-,-,-,-,-,-,-,,,
902,Cameron Heyward,PIT,DE,-,-,-,-,-,-,-,,,
903,Cameron Jordan,NO,DE,-,-,-,-,-,-,-,,,
904,Bilal Powell,FA,RB,-,-,-,-,-,-,-,,,
905,J.J. Watt,ARI,DE,-,-,-,-,-,-,-,,,
906,Whitney Mercilus,GB,LB,-,-,-,-,-,-,$2.27 ,,,
907,Justin Tucker,BAL,K,126.77,-,-,-,-,-,$2.72 ,,,
908,Calais Campbell,BAL,DE,-,-,-,-,-,-,-,,,
909,Matt Prater,ARI,K,206.08,-,-,-,-,-,$1.00 ,,,
910,Matthew Slater,NE,WR,-,-,-,-,-,-,-,,,
911,Mason Crosby,GB,K,200.95,-,-,-,-,-,$0.86 ,,,
912,Robbie Gould,SF,K,222.87,-,-,-,-,-,$1.15 ,,,
913,Nick Folk,NE,K,266.69,-,-,-,-,-,-,,,
914,Frank Gore,FA,RB,-,-,-,-,-,-,-,,,
915,Johnny Manziel,FA,QB,378.2,-,-,-,-,-,-,,,
916,Jared Abbrederis,FA,WR,-,-,-,-,-,-,-,,,
917,Mike Davis,FA,WR,341.2,-,-,-,-,-,-,,,
918,Josh McCown,FA,QB,-,-,-,-,-,-,-,,,
919,Jay Cutler,FA,QB,-,-,-,-,-,-,-,,,
920,Trent Green,FA,QB,382.2,-,-,-,-,-,-,,,
921,Mike Vrabel,FA,LB,-,-,-,-,-,-,-,,,
922,Tony Romo,FA,QB,402.98,-,-,-,-,-,-,,,
923,Ray Rice,FA,RB,379.2,-,-,-,-,-,-,,,
924,Terrelle Pryor,FA,WR,-,-,-,-,-,-,-,,,
925,Vance McDonald,FA,TE,-,-,-,-,-,-,-,,,
926,Eric Kendricks,MIN,LB,-,-,-,-,-,-,-,,,
927,Christian Kirksey,HOU,LB,-,-,-,-,-,-,-,,,
928,Aaron Donald,LAR,DT,-,-,-,-,-,-,-,,,
929,Cairo Santos,CHI,K,248.78,-,-,-,-,-,-,,,
930,Roosevelt Nix,FA,FB,-,-,-,-,-,-,-,,,
931,Tyler Bray,FA,QB,-,-,-,-,-,-,-,,,
932,Jason Myers,SEA,K,207.58,-,-,-,-,-,$1.27 ,,,
933,Tyrann Mathieu,KC,S,-,-,-,-,-,-,-,,,
934,Spencer Ware,FA,RB,-,-,-,-,-,-,-,,,
935,Lavonte David,TB,LB,-,-,-,-,-,-,-,,,
936,Chris Boswell,PIT,K,242.06,-,-,-,-,-,$0.90 ,,,
937,Khalil Mack,CHI,LB,-,-,-,-,-,-,-,IR,Foot,
938,Jason Pierre-Paul,TB,LB,-,-,-,-,-,-,-,,,
939,Dustin Hopkins,LAC,K,291.76,-,-,-,-,-,-,,,
940,Logan Ryan,NYG,S,-,-,-,-,-,-,-,,,
941,Fletcher Cox,PHI,DT,-,-,-,-,-,-,-,,,
942,Jamie Collins,NE,LB,-,-,-,-,-,-,-,,,
943,Brandon McManus,DEN,K,196.67,-,-,-,-,-,$1.41 ,,,
944,Danny Trevathan,CHI,LB,-,-,-,-,-,-,-,IR,Knee,
945,Bobby Wagner,SEA,LB,-,-,-,-,-,-,-,Ques,Knee - MCL,
946,Randy Bullock,TEN,K,315,-,-,-,-,-,-,,,
947,Shelby Harris,DEN,DE,-,-,-,-,-,-,$1.42 ,,,
948,Jordan Poyer,BUF,S,-,-,-,-,-,-,-,,,
949,Jon Bostic,WAS,LB,-,-,-,-,-,-,-,IR,Pectoral,
950,Jaron Brown,FA,WR,-,-,-,-,-,-,-,,,
951,Daniel Sorensen,KC,S,-,-,-,-,-,-,-,,,
952,Travis Benjamin,SF,WR,-,-,-,-,-,-,-,,,
953,Lawrence Guy,NE,DE,-,-,-,-,-,-,-,,,
954,Chandler Jones,ARI,LB,-,-,-,-,-,-,-,,,
955,Dont'a Hightower,NE,LB,-,-,-,-,-,-,$5.01 ,,,
956,Brandon Bolden,NE,RB,-,-,-,-,-,200.3,-,,,
